Workbook

Sheet 트레이딩
G1: KBondWatcher | H1: Last Quote | I1: Last PnL | J1: Last Action | N1: 매수일 | O1: 바이백 | P1: 잔여일 | Q1: 이자 | R1: 비용 | S1: 보유일
G2: STOPPED | J2: stop flag detected | N2: =TODAY() -> 46245 | O2: 45953 | P2: =O2-N2 -> -292 | Q2: 640000 | R2: =Q2-O5 -> -207030.14 | S2: =R2*P2 -> 60452800
A3: 3-10 스플체크(내재수익률기준) | U3: 통안손익(2177,누적)
A4: 구분 | B4: 전일수익률 | C4: 금일수익률 | D4: 전일비 | E4: 선물매가 | F4: 시가체크 | G4: 시가비 | H4: 시가상태 | I4: 3선종가 | J4: 10선종가 | M4: 회사조달금리(18311) | N4: 조달금액 | O4: 1일 조달비용 | P4: 만기까지 일 캐리 | S4: 세트거래 | U4: 25.4.2(매수일) | V4: 매수결제일 | W4: 수량 | X4: 매수단가 | Y4: 매도결제일 | Z4: 매도단가 | AA4: 보유일수 | AB4: 조달 | AC4: 손익
A5: 3선 | B5: 3.794 | C5: =_xll.IMDP("FUT","A6569000","국채수익률") -> 3.857 | E5: =_xll.IMDP("FUT","A6569000","선물호가_현재가") -> 103.21 | M5: 3.09166 | N5: 10000000000 | O5: =M5/100/365*N5 -> 847030.14 | P5: =(M5/100-O88)/365*P66 -> 0.00017064584 | Q5: =P5*50000000000 -> 8532292.2 | R5: 1 | S5: 9285 | U5: 45400 | V5: =U5+1 -> 45401 | W5: 500 | X5: 10004.75 | Y5: 45429 | Z5: 10033.91 | AA5: =Y5-V5 -> 28 | AB5: =O26*AA5*W5 -> 1.1858422e+08
A6: 10선 | B6: 4.216 | C6: =_xll.IMDP("FUT","A6769000","국채수익률") -> 4.289 | E6: =_xll.IMDP("FUT","A6769000","선물호가_현재가") -> 105.73 | I6: =-I5/3 -> 0 | J6: =-J5/9 -> 0 | R6: 2 | S6: 9277 | U6: 45401 | V6: =U6+3 -> 45404 | W6: 300 | X6: 10005.75 | Y6: 45429 | Z6: 10033.92 | AA6: =Y6-V6 -> 25 | AB6: =O26*AA6*W6 -> 63527260
A7: sp | B7: =(B6-B5)*100 -> 42.2 | C7: =(C6-C5)*100 -> 43.2 | D7: =C7-B7 -> 1 | F7: =(F6-F5)*100 -> 0 | G7: =C7-F7 -> 43.2 | H7: =IF(G7>0,"스팁","플랫") -> 스팁 | J7: =J6-I6 -> 0 | R7: 평균 | S7: =AVERAGE(S5:S6) -> 9281 | W7: =SUM(W5:W6) -> 800 | X7: =SUMPRODUCT(W5:W6,X5:X6)/W7 -> 10005.125 | Z7: =SUMPRODUCT(W5:W6,Z5:Z6)/W7 -> 10033.914 | AB7: =SUM(AB5:AB6) -> 1.8211148e+08 | AC7: =(Z7-X7)*W7*10000-AB7 -> 48198521
A8: 10-30 스플체크(10선내재수익률, 30년지표) | M8: 선물(15:30분) | N8: 선물종가 | O8: 10년(15:30) | P8: 10년종가 | R8: 3 | S8: 9285
A9: 구분 | B9: 전일수익률 | C9: 금일수익률 | D9: 전일비 | E9: 매매가 | F9: 시가체크 | G9: 시가비 | H9: 종가 | I9: 진입가 | J9: 손익 | O9: =D25 -> 4.207 | R9: 단가 | S9: =AVERAGE(S7:S8) -> 9283 | U9: 9495
A10: 10선 | B10: =B6 -> 4.216 | C10: =C6 -> 4.289 | E10: =E6 -> 105.73 | F10: =F6 -> 0 | H10: =C10 -> 4.289 | I10: -10.3 | M10: 변화 | N10: =N9-M9 -> 0 | O10: =O9-N10/0.09/100 -> 4.207 | P10: =(P9-O10)*100 -> -420.7
A11: 26-2 | B11: 4.522 | C11: =_xll.IMDP("BND","KR103501GG39","장내국채-현재수익률") -> 4.629 | E11: =_xll.IMDP("BND","KR103501GG39","장내국채-현재가격") -> 8337 | H11: 2.882 | I11: 손익sp | R11: 46570 | S11: 46178
A12: sp | B12: =(B11-B10)*100 -> 30.6 | C12: =(C11-C10)*100 -> 34 | D12: =C12-B12 -> 3.4 | F12: =(F11-F10)*100 -> 0 | G12: =C12-F12 -> 34 | H12: =(H11-H10)*100 -> -140.7 | I12: =H12-B12 -> -171.3 | J12: =I12*21*9 -> -32375.7 | R12: =TODAY() -> 46245 | S12: =R11-S11 -> 392
B13: 3.49 | C13: =(B13-C10)*100 -> -79.9 | D13: =-(B12-C13) -> -110.5 | F13: =180*1.3 -> 234 | G13: =8476-8456.73 -> 19.27 | H13: =G13*10 -> 192.7 | I13: =H13-1520 -> -1327.3 | M13: sp 계산기 | O13: 25-5 | P13: 25-11 | Q13: 26-06 | U13: 통안손익(2996,누적)
M14: sp감안수익률 | O14: =Q14-0.031 -> 4.261 | P14: =Q14-0.009 -> 4.283 | Q14: =_xll.IMDP("BND","KR103503GG60","장내국채-현재수익률") -> 4.292 | U14: 통안채(매수일) | V14: 매수결제일 | W14: 수량 | X14: 매수단가 | Y14: 매도결제일 | Z14: 매도단가 | AA14: 보유일수 | AB14: 조달 | AC14: 손익 | AD14: 바이백까지
G15: 200 | H15: 0.004 | I15: =G15*H15/4 -> 0.2 | U15: 46037 | V15: 46038 | W15: 100 | X15: 10057.5 | AA15: =Y15-V15 -> -46038 | AB15: =O26*AA15*$W$15 -> -3.8995573e+10 | AC15: =($Z$15-$X$15)*W15*10000-AB15 -> 2.8938073e+10
A16: 10년 차익거래(매일아침 종가세팅) | F16: =E20*1.5 -> 123 | M16: 손익 계산용(장외거래 나오면 입력) | AB16: =$O$26*$AA$15*W16 -> 0 | AC16: =($Z$15-$X$15)*W16*10000-AB16 -> 0
C17: 조달일수 | D17: 3 | F17: =E20*1.5+53 -> 176 | M17: =A25 -> 국고 25-11 | N17: 전일종가(통합) | O17: 현재가격 | P17: 수익률 | Q17: 수량 | R17: 손익 | S17: 전일비 틱환산 | T17: 대차
A18: 구분 | B18: 전일종가(통합) | C18: 현재가격 | D18: 수익률 | E18: 수량 | F18: 손익 | G18: 전일비 틱환산 | H18: 고/저평 | I18: 100 | J18: 88 | M18: 10년현물 | N18: =B25 -> 9318.79 | O18: 9320.9 | Q18: -150 | R18: =(O18-N18)*Q18*10000 -> -3165000 | S18: =R21/10000/Q19 -> 0.48987547 | T18: 2
A19: 국고 25-5 | B19: 8898.88 | C19: =ROUNDDOWN([1]채권단가계산표!N18,0)-0.5 -> 8900.5 | D19: 4.185 | E19: -100 | F19: =(C19-B19)*E19*10000 -> -1620000 | G19: =F22/10000/E20 -> -59.876719 | H19: =_xll.IMDP("FUT","A6769000","저평가")*100 -> 1.4 | I19: 90 | J19: =J18*I19/I18 -> 79.2 | M19: 10Y선물 | N19: =B26 -> 106.34 | O19: 106.34 | Q19: =-Q18*0.88 -> 132 | R19: =(O19-N19)*Q19*1000000 -> 0
A20: 10선 | B20: =B26 -> 106.34 | C20: =_xll.IMDP("FUT","A6769000","선물호가_현재가") -> 105.73 | D20: =C6 -> 4.289 | E20: 82 | F20: =(C20-B20)*E20*1000000 -> -50020000 | I20: 80 | J20: =J19*I20/I19 -> 70.4 | M20: 조달 | O20: =$M$5/100/365*100000000 -> 8470.3014 | Q20: =Q18 -> -150 | R20: =-O20*Q20*$D$17 -> 3811635.6
A21: 조달 | C21: =$M$5/100/365*100000000 -> 8470.3014 | D21: =(D20-D19)*100 -> 10.4 | E21: =E19 -> -100 | F21: =-C21*E21*$D$17 -> 2541090.4 | I21: 70 | J21: =J20*I21/I20 -> 61.6 | M21: 합계 | R21: =SUM(R18:R20) -> 646635.62
A22: 합계 | F22: =SUM(F19:F21) -> -49098910 | I22: 60 | J22: =J21*I22/I21 -> 52.8 | M22: 스팁이거나, 저평이거나, 매수차익 수익나면 매도차익들간다 | R22: 금요일 매도차익하면 역비용 3일치 안준다… | U22: 통안손익(2996,당일) | W22: 조달 | X22: 2
I23: 50 | J23: =J22*I23/I22 -> 44 | M23: =A19 -> 국고 25-5 | N23: 전일종가(통합) | O23: 현재가격 | P23: 수익률 | Q23: 수량 | R23: 손익 | S23: 전일비 틱환산 | T23: 대차 | V23: 전일종가 | W23: 현재가격 | X23: 수량 | Y23: 손익
A24: 구분 | B24: 전일종가(통합) | C24: 현재가격 | D24: 수익률 | E24: 수량 | F24: 손익 | G24: 전일비 틱환산 | I24: 40 | J24: =J23*I24/I23 -> 35.2 | M24: 10년현물 | N24: =B19 -> 8898.88 | O24: 8900.88 | Q24: -100 | R24: =(O24-N24)*Q24*10000 -> -2000000 | S24: =R27/10000/Q25 -> 0.65986635 | T24: 1 | U24: 통안 | V24: 10065.03 | W24: 10066.59 | X24: 100 | Y24: =(W24-V24)*X24*10000 -> 1560000
A25: 국고 25-11 | B25: 9318.79 | C25: =ROUNDDOWN([1]채권단가계산표!L18,0)-0.5 -> 9320.5 | D25: 4.207 | E25: -100 | F25: =(C25-B25)*E25*10000 -> -1710000 | G25: =F28/10000/E26 -> -60.055579 | I25: 30 | J25: =J24*I25/I24 -> 26.4 | M25: 10Y선물 | N25: =B26 -> 106.34 | O25: =O19 -> 106.34 | Q25: =-Q24*0.82 -> 82 | R25: =(O25-N25)*Q25*1000000 -> 0 | U25: 조달 | Y25: =-$O$26*X24*X22 -> -1694060.3
A26: 10선 | B26: 106.34 | C26: =C20 -> 105.73 | D26: =D20 -> 4.289 | E26: 88 | F26: =(C26-B26)*E26*1000000 -> -53680000 | I26: 20 | J26: =J25*I26/I25 -> 17.6 | M26: 조달 | O26: =$M$5/100/365*100000000 -> 8470.3014 | P26: =(P25-P24)*100 -> 0 | Q26: =Q24 -> -100 | R26: =-O26*Q26*$D$17 -> 2541090.4 | Y26: =Y24+Y25 -> -134060.27
A27: 조달 | C27: =$M$5/100/365*100000000 -> 8470.3014 | D27: =(D26-D25)*100 -> 8.2 | E27: =E25 -> -100 | F27: =-C27*E27*$D$17 -> 2541090.4 | I27: 10 | J27: =J26*I27/I26 -> 8.8 | M27: 합계 | R27: =SUM(R24:R26) -> 541090.41 | U27: 통안레벨첵
A28: 합계 | F28: =SUM(F25:F27) -> -52848910 | I28: 300 | J28: =J27*I28/I27 -> 264 | Q28: =2.3*82+3*88 -> 452.6 | U28: 구분 | V28: 통당 | W28: 통안 | X28: 전일스플/평균 | Y28: 가격(해당물) | Z28: 적정가
A29: 둘중에 지표 아닌게 망가져서 고/저평이 발생해도, 전일 민평 수준에서 체크해서 지표가 살아있으면 종가에 평가로 되돌릴 가능성이 높음 / 반대로 지표가 망가지면 지표먼저 사고, 종가 언저리에 남은거 사도 되겠네 | M29: 종목 | N29: 명목금액 | O29: 대차수수료 | P29: 대차비용(분기) | Q29: CD조달비용 | R29: 역비용 | S29: 총비용/BEP틱 | U29: 전일 | X29: =(V29-W29) -> 0 | Z29: =ROUNDDOWN(Y30,0)-ROUNDDOWN(Y29,0) -> #VALUE!
D30: =D25-D19 -> 0.022 | F30: 0.86 | M30: 25-5 | N30: 100 | O30: 0.005 | P30: =N30*O30/365*$P$66 -> 0.046575342 | Q30: =N30*$O$88/365*$P$66 -> 0.27092566 | R30: =N30*$M$5%/365*$P$66 -> 0.28799025 | S30: =P32+Q32-R32 -> 0.041322886 | U30: 금일 | W30: =V30-AVERAGE(X29:X30) -> 0 | Y30: =ROUNDDOWN([1]채권단가계산표!R18,0)-0.5 -> #VALUE! | AB30: =0.85*10103*100 -> 858755
A31: 구분 | B31: 전일종가(통합) | C31: 현재가격 | D31: 수익률 | E31: 수량 | F31: 손익 | G31: 전일비 틱환산 | I31: IRS(10Y) | M31: 24-13 | N31: 100 | O31: 0.0031 | P31: =N31*O31/365*P66 -> 0.028876712 | Q31: =N31*$O$88/365*$P$66 -> 0.27092566 | R31: =N31*$M$5%/365*$P$66 -> 0.28799025 | S31: =S30/0.0168 -> 2.4596956
A32: 국고 26-6 | B32: 10095.5 | C32: =_xll.IMDP("BND","KR103503GG60","장내국채-현재가격") -> 10038 | D32: =_xll.IMDP("BND","KR103503GG60","장내국채-현재수익률") -> 4.292 | E32: -100 | F32: =(C32-B32)*E32*10000 -> 57500000 | G32: =F35/10000/E33 -> 6.4618993 | I32: 2.5525 | P32: =SUM(P30:P31) -> 0.075452055 | Q32: =SUM(Q30:Q31) -> 0.54185132 | R32: =SUM(R30:R31) -> 0.57598049 | U32: =U33/170 -> 25.035294
A33: 10선 | B33: =B26 -> 106.34 | C33: =_xll.IMDP("FUT","A6769000","선물호가_현재가") -> 105.73 | D33: =D26 -> 4.289 | E33: 89 | F33: =(C33-B33)*E33*1000000 -> -54290000 | I33: 본드스왑 | J33: =14*5 -> 70 | M33: =7.8944/2.7725 -> 2.847394 | N33: =P32/P66 -> 0.0022191781 | O33: 틱환산(bep) | P33: =-P32/0.0168 -> -4.4911937 | R33: =R32/P66 -> 0.016940603 | T33: =76*7 -> 532 | U33: =T33*8 -> 4256
A34: 조달 | C34: =$M$5/100/365*100000000 -> 8470.3014 | D34: =(D33-D32)*100 -> -0.3 | E34: =E32 -> -100 | F34: =-C34*E34*$D$17 -> 2541090.4 | I34: =I32-P14 -> -1.7305 | M34: 커브 SP | W34: 비율헤지 손익 계산용
A35: 합계 | F35: =SUM(F32:F34) -> 5751090.4 | M35: 구분 | N35: 전일종가(통합) | O35: 현재가격 | P35: 수익률 | Q35: 수량 | R35: 손익 | S35: 듀레이션 | T35: 델타 | U35: 헤지수량 | W35: 전일종가 | X35: 금일종가 | Y35: 수익률 | Z35: 수량 | AA35: 조달 | AB35: 캐리 | AC35: 대차비용 | AD35: 총비용 | AE35: 손익 | AF35: 듀레이션
D36: =(D32-D25)*100 -> 8.5 | M36: 26-6 | O36: 10080.12 | Q36: 90 | R36: =(O36-N36)*Q36*10000 -> 9072108000 | S36: 8.13 | T36: =S36*O36*100 -> 8195137.6 | U36: =T37/T36 -> 0.90193406 | V36: 26.09.03 | W36: =V24 -> 10065.03 | AA36: =-O26*Z36*$D$17 -> 0 | AE36: =(X36-W36)*Z36*10000 -> 0 | AF36: 1.0426
M37: 25-11 | N37: =B25 -> 9318.79 | O37: =O18 -> 9320.9 | Q37: -100 | R37: =(O37-N37)*Q37*10000 -> -2110000 | S37: 7.93 | T37: =S37*O37*100 -> 7391473.7 | AA37: =-O26*Z37*D$17 -> 0 | AE37: =(X37-W37)*Z37*10000 -> 0 | AF37: 1.9372
G38: 통당 | H38: 270402 | I38: 270702 | J38: 국당 | M38: 조달 | V38: 3선 | W38: =B47 -> 103.39 | Z38: 0 | AE38: =(X38-W38)*Z38*1000000 -> 0
A39: 매수차익거래 | C39: 조달일수 | D39: =D17 -> 3 | G39: =J41-0.129 -> 3.694 | H39: =J41-0.837 -> 2.986 | I39: =J41-0.512 -> 3.311 | J39: =J43+0.185 -> 4.227 | M39: 소계 | P39: =(P36-P37)*100 -> 0 | R39: =R36+R37 -> 9.069998e+09 | S39: 최초 매수 SP | T39: -1.2 | W39: 합계 | AA39: =AA36+AA37 -> 0 | AD39: =AA39+AB39+AC38 -> 0 | AE39: =AE36+AE38+AD39+AE37 -> 0 | AF39: =SUMPRODUCT(Z36:Z37,AF36:AF37)/SUM(Z36:Z37) -> #DIV/0!
A40: 구분 | B40: 전일종가(통합) | C40: 현재가격 | D40: 수익률 | E40: 수량 | F40: 손익 | G40: 고/저평 | H40: 25-10(3-5) | I40: 25-10 | J40: 26-05 | O40: 교체단가 | P40: -1.2 | S40: 종가SP/전일민평SP
A41: 국고25-10 | B41: 9839.73 | C41: =ROUNDDOWN([1]채권단가계산표!H18,0)-0.5 -> 9839.5 | D41: 3.685 | E41: -100 | F41: =(C41-B41)*E41*10000 -> 230000 | G41: =_xll.IMDP("FUT","A6569000","저평가")*100 -> -2.2 | H41: =J43-0.296 -> 3.746 | I41: =J41-0.078 -> 3.745 | J41: =_xll.IMDP("BND","KR103501GG62","장내국채-현재수익률") -> 3.823 | M41: 원월물 선물수량 | R41: 26-6 | AC41: 커브추가 시 | AD41: 채권손익 | AE41: =AE36+AE37 -> 0
A42: 3Y선물 | B42: =B47 -> 103.39 | C42: =_xll.IMDP("FUT","A6569000","선물호가_현재가") -> 103.21 | D42: =_xll.IMDP("FUT","A6569000","국채수익률") -> 3.857 | E42: =N50 -> 74.295221 | F42: =(C42-B42)*E42*1000000 -> -13373140 | H42: 25-8 | I42: 25-4 | J42: 26-03 | M42: 선물수량CHECK | N42: 개선 | O42: 집행금액 | P42: 선물개수 | R42: 25-11 | AD42: 비용손익 | AE42: =AD39 -> 0
A43: 조달 | C43: =$O$5 -> 847030.14 | E43: =E41/100 -> -1 | F43: =-C43*D39*$E$43 -> 2541090.4 | H43: =J43-0.038 -> 4.004 | I43: =J41-0.158 -> 3.665 | J43: =_xll.IMDP("BND","KR103503GG37","장내국채-현재수익률") -> 4.042 | M43: =M71 -> 국고25-10 | N43: =O71 -> 72.887142 | P43: =N43*O43 -> 0 | R43: 차이 | S43: =(S41-S42)*100 -> 0 | T43: =0.3*T36*2 -> 4917082.5 | AD43: 헤지선물 | AE43: -1655347
A44: 소계 | F44: =SUM(F41:F43) -> -10602049 | I44: 100 | J44: 146 | M44: 국고25-04 | N44: =O73 -> 58.614906 | P44: =N44*O44 -> 0 | AD44: 커브 등 손익
D45: =D41-D46 -> 0.085 | I45: 90 | J45: =J44*I45/I44 -> 131.4 | M45: =M70 -> 국고25-8 | N45: =O70 -> 114.08812 | P45: =N45*O45 -> 0 | AD45: 전체손익 | AE45: =SUM(AE41:AE44) -> -1655347
A46: 국고25-04 | B46: 9799.48 | C46: =ROUNDDOWN([1]채권단가계산표!P18,0)-0.5 -> 9799.5 | D46: 3.6 | E46: -100 | F46: =(C46-B46)*E46*10000 -> -20000 | H46: =115-62 -> 53 | I46: =I45-10 -> 80 | J46: =J45*I46/I45 -> 116.8 | M46: =M72 -> 26-03 | N46: =O72 -> 132.75872 | P46: =N46*O46 -> 0 | R46: 근 | S46: 3.485 | T46: 3.257 | U46: =T46-S46 -> -0.228
A47: 3Y선물 | B47: 103.39 | C47: =C42 -> 103.21 | D47: =D42 -> 3.857 | E47: =N53 -> 58.776637 | F47: =(C47-B47)*E47*1000000 -> -10579795 | H47: =0.58*19 -> 11.02 | I47: =I46-10 -> 70 | J47: =J46*I47/I46 -> 102.2 | M47: 합계 | N47: =SUM(N43:N45) -> 245.59017 | O47: =SUM(O43:O46) -> 0 | P47: =SUM(P43:P46) -> 0 | R47: 원 | S47: 3.534 | U47: =T46-S47 -> -0.277
A48: 조달 | C48: =$O$5 -> 847030.14 | E48: =E46/100 -> -1 | F48: =-C48*D39*E48 -> 2541090.4 | H48: =H46-5.5 -> 47.5 | I48: =I47-10 -> 60 | J48: =J47*I48/I47 -> 87.6 | M48: 근월물 선물수량
A49: 소계 | F49: =SUM(F46:F48) -> -8058704.3 | I49: =I48-10 -> 50 | J49: =J48*I49/I48 -> 73 | M49: 선물수량CHECK | N49: 개선 | O49: 집행금액 | P49: 선물개수 | Q49: 대차차입(現) | R49: 총 대차 | S49: 교체 시 교환비율(롤)
D50: =D41-D51 -> -0.357 | H50: =_xll.IMDP("BND","KR103503GF38","장내국채-현재가격") | I50: =I49-10 -> 40 | J50: =J49*I50/I49 -> 58.4 | M50: 국고25-10 | N50: =O59 -> 74.295221 | O50: 6 | P50: =N50*O50 -> 445.77133 | Q50: =R50-O50 -> 6 | R50: 12 | S50: =O61/O60 -> 0.88539483 | U50: 7.8
A51: 국고26-03 | B51: 9892.58 | C51: =_xll.IMDP("BND","KR103503GG37","장내국채-현재가격") -> 9865 | D51: =_xll.IMDP("BND","KR103503GG37","장내국채-현재수익률") -> 4.042 | E51: -100 | F51: =(C51-B51)*E51*10000 -> 27580000 | I51: =I50-10 -> 30 | J51: =J50*I51/I50 -> 43.8 | M51: 26-03 | N51: =O60 -> 138.79434 | O51: 3.5 | P51: =N51*O51 -> 485.78018 | Q51: =R51-O51 -> 2.5 | R51: 6 | S51: =O51*65 -> 227.5 | U51: 0
A52: 3Y선물 | B52: =B47 -> 103.39 | C52: =C47 -> 103.21 | D52: =D47 -> 3.857 | E52: =N51 -> 138.79434 | F52: =(C52-B52)*E52*1000000 -> -24982981 | H52: IRS(3Y) | I52: =I51-10 -> 20 | J52: =J51*I52/I51 -> 29.2 | M52: 25-08 | N52: =O61 -> 122.88779 | O52: 0 | P52: =N52*O52 -> 0 | Q52: =R52-O52 -> 0 | R52: 0 | U52: 6
A53: 조달 | C53: =$O$5 -> 847030.14 | E53: =E51/100 -> -1 | F53: =-C53*$D$39*E53 -> 2541090.4 | H53: 3.007 | I53: =I52-10 -> 10 | J53: =J52*I53/I52 -> 14.6 | M53: 국고25-04 | N53: =O62 -> 58.776637 | O53: 4 | P53: =N53*O53 -> 235.10655 | Q53: =R53-O53 -> 4 | R53: 8 | S53: 3.496 | T53: =S46-S53 -> -0.011 | U53: 12
A54: 소계 | F54: =SUM(F51:F53) -> 5138109.9 | H54: 본드스왑 | I54: =I53-10 -> 0 | J54: =J53*I54/I53 -> 0 | M54: 합계 | O54: =SUM(O50:O53) -> 13.5 | P54: =SUM(P50:P53) -> 1166.6581 | Q54: =SUM(Q50:Q53) -> 12.5 | R54: =SUM(R50:R53) -> 26 | S54: 3.54 | T54: =S47-S54 -> -0.006
B55: 지표가 강함을 유지하는 상황에서, 5년현물이 좀 쎄져야 언와인딩 기회가 온다. | H55: =H53-J41 -> -0.816 | Q55: 근월물기준으로 1세트 선물수량(약 400개)을
A56: 국고25-08 | B56: 9567.81 | C56: =ROUNDDOWN([1]채권단가계산표!X18,0)-0.5 -> 9569.5 | D56: 3.927 | E56: -100 | F56: =(C56-B56)*E56*10000 -> -1690000 | I56: 100 | J56: 137 | P56: =P54*2.4 -> 2799.9793 | Q56: 유지할 수 있는 원월물 현물 수량(130~140개)
A57: 3Y선물 | B57: =B47 -> 103.39 | C57: =C47 -> 103.21 | D57: =D52 -> 3.857 | E57: =N52 -> 122.88779 | F57: =(C57-B57)*E57*1000000 -> -22119802 | I57: 90 | J57: =J56*I57/I56 -> 123.3 | M57: 헤지수량계산(근월물) | Q57: 을 맞춰서 매수하고, 나중에 롤을함 | T57: =200000000*0.045 -> 9000000 | U57: =T57 -> 9000000
A58: 조달 | C58: =$O$5 -> 847030.14 | E58: =E56/100 -> -1 | F58: =-C58*D39*E58 -> 2541090.4 | H58: =30*170 -> 5100 | I58: =I57-10 -> 80 | J58: =J57*I58/I57 -> 109.6 | M58: 종목명 | N58: 인포맥스 | O58: 개선 | P58: 집행금액(백억) | Q58: 실제개수
A59: 소계 | F59: =SUM(F56:F58) -> -21268711 | I59: =I58-10 -> 70 | J59: =J58*I59/I58 -> 95.9 | M59: 국고25-10 | N59: 76.6 | O59: =N59*$P$65/$Q$65 -> 74.295221 | P59: 2 | Q59: =O59*P59 -> 148.59044
H60: =22*170 -> 3740 | I60: =I59-10 -> 60 | J60: =J59*I60/I59 -> 82.2 | M60: 26-03 | N60: 143.1 | O60: =N60*$P$65/$Q$65 -> 138.79434 | P60: 1 | Q60: =O60*P60 -> 138.79434
B61: 명목금액 | C61: 대차비용 | D61: 분기비용 | E61: CD조달비용 | F61: 조달비용(역비용) | G61: 총비용/BEP틱 | I61: =I60-10 -> 50 | J61: =J60*I61/I60 -> 68.5 | M61: 25-08 | N61: 126.7 | O61: =N61*$P$65/$Q$65 -> 122.88779 | P61: 1 | Q61: =O61*P61 -> 122.88779
A62: 25-4 | B62: 200 | C62: 0.003 | D62: =B62*C62/365*$P$66 -> 0.055890411 | E62: =B62*$O$88/365*$P$66 -> 0.54185132 | F62: =B62*M5%/365*$P$66 -> 0.57598049 | G62: =D65+E65-F65 -> 0.096320913 | I62: =I61-10 -> 40 | J62: =J61*I62/I61 -> 54.8 | M62: 국고25-04 | N62: 60.6 | O62: =N62*$P$65/$Q$65 -> 58.776637 | P62: 2 | Q62: =O62*P62 -> 117.55327 | R62: =Q59+Q61+Q62 -> 389.0315
A63: 25-10 | B63: 200 | C63: 0.0045 | D63: =B63*C63/365*$P$66 -> 0.083835616 | E63: =B63*$O$88/365*$P$66 -> 0.54185132 | F63: =B63*M5%/365*$P$66 -> 0.57598049 | G63: =G62/0.0426 -> 2.2610543 | I63: =I62-10 -> 30 | J63: =J62*I63/I62 -> 41.1
A64: 25-08 | B64: 100 | C64: 0.0045 | D64: =B64*C64/365*$P$66 -> 0.041917808 | E64: =B64*$O$88/365*$P$66 -> 0.27092566 | F64: =B64*M5%/365*$P$66 -> 0.28799025 | H64: 일비용 | I64: =I63-10 -> 20 | J64: =J63*I64/I63 -> 27.4 | M64: 구분 | N64: 거래일 | O64: 만기일 | P64: 일수 | Q64: 개선 | T64: 현물 | U64: 선물
B65: =SUM(B62:B64) -> 500 | C65: =SUMPRODUCT(B62:B64,C62:C64)/B65 -> 0.0039 | D65: =SUM(D62:D64) -> 0.18164384 | E65: =SUM(E62:E64) -> 1.3546283 | F65: =SUM(F62:F64) -> 1.4399512 | H65: =G62/P66 -> 0.002832968 | I65: =I64-10 -> 10 | J65: =J64*I65/I64 -> 13.7 | M65: 실제거래 | N65: =TODAY() -> 46245 | O65: =EDATE(N65,36) -> 47341 | P65: =O65-N65 -> 1096 | Q65: =P65+P66 -> 1130 | T65: 2500 | U65: 2252
D66: =D65/P66 -> 0.0053424658 | E66: =E65/P66 -> 0.039842009 | F66: =F65/P66 -> 0.042351507 | I66: =I65-10 -> 0 | J66: =J65*I66/I65 -> 0 | M66: 선물만기 | N66: =TODAY()+1 -> 46246 | O66: 46280 | P66: =O66-N66 -> 34 | S66: 대차비용 | T66: 역비용 | U66: 캐리비용 | V66: CD비용
S67: =-T65*0.4%/365 -> -0.02739726 | T67: =T65*2.771%/365 -> 0.18979452 | U67: =-T65/10000 -> -0.25 | V67: =-U65*2.652%/365 -> -0.16362477
M68: 헤지수량계산(원월물) | R68: =3020*0.4%/365 -> 0.03309589 | U68: =T67+U67+V67+S67 -> -0.25122751
A69: 장내레벨첵 | M69: 종목명 | N69: 인포맥스 | O69: 개선 | P69: 집행금액(백억) | Q69: 실제개수
A70: 국고24-7 | B70: =B46 -> 9799.48 | C70: 10261 | E70: 100 | F70: =(C70-B70)*E70*10000 -> 4.6152e+08 | H70: 100 | I70: 0.003 | J70: =H70*I70/365 -> 0.00082191781 | M70: 국고25-8 | N70: 127.1 | O70: =N70*$P$76/$Q$76 -> 114.08812 | P70: 1 | Q70: =O70*P70 -> 114.08812
A71: 3Y선물 | B71: =B47 -> 103.39 | C71: 106.99 | E71: -138.92636 | F71: =(C71-B71)*E71*1000000 -> -5.0013488e+08 | H71: 0 | I71: 0.0025 | J71: =H71*I71/365 -> 0 | M71: 국고25-10 | N71: 81.2 | O71: =N71*$P$76/$Q$76 -> 72.887142 | P71: 2 | Q71: =O71*P71 -> 145.77428
A72: 조달 | C72: =C48 -> 847030.14 | E72: =E70/100 -> 1 | F72: =-C72*D39*$E$72 -> -2541090.4 | H72: 250 | I72: 0.0035 | J72: =H72*I72/365 -> 0.0023972603 | M72: 26-03 | N72: 147.9 | O72: =N72*$P$76/$Q$76 -> 132.75872 | P72: 1 | Q72: =O72*P72 -> 132.75872
A73: 소계 | F73: =SUM(F70:F72) -> -41155974 | J73: =SUM(J70:J72) -> 0.0032191781 | M73: 국고25-04 | N73: 65.3 | O73: =N73*$P$76/$Q$76 -> 58.614906 | P73: 2 | Q73: =O73*P73 -> 117.22981 | R73: =Q72+Q71+Q73 -> 395.76282
T74: 2000
A75: 국고23-10(26.12.10) | B75: 10167.85 | C75: =ROUNDDOWN([1]채권단가계산표!L18,0)-0.5 -> 9320.5 | D75: 3.23 | E75: 100 | F75: =(C75-B75)*E75*10000 -> -8.4735e+08 | I75: =4*82 -> 328 | M75: 구분 | N75: 거래일 | O75: 만기일 | P75: 일수 | Q75: 개선 | T75: 60
A76: 3Y선물 | B76: =B47 -> 103.39 | C76: 105.18 | D76: 3.42 | E76: -74.950382 | F76: =(C76-B76)*E76*1000000 -> -1.3416118e+08 | M76: 실제거래 | N76: =TODAY() -> 46245 | O76: =EDATE(N76,36) -> 47341 | P76: =O76-N76 -> 1096 | Q76: =P76+P77 -> 1221 | T76: =T75/4 -> 15
A77: 조달 | C77: 986857.53 | F77: =$F$43 -> 2541090.4 | M77: 선물만기 | N77: =TODAY()+1 -> 46246 | O77: 46371 | P77: =O77-N77 -> 125
A78: 소계 | F78: =SUM(F75:F77) -> -9.7897009e+08 | T78: 5세트일때 일 60만원이였는데, 그러면 1세트면 일 15만원정도인가..? | X78: 100 | Y78: =Y76 -> 0
T79: 1개월에1틱정도… 3개월이면 3틱이 비용…?? | X79: 90 | Y79: =Y78*X79/X78 -> 0
A80: 국고24-04(27.06.10) | B80: =B56 -> 9567.81 | C80: 10201.5 | E80: 100 | F80: =(C80-B80)*E80*10000 -> 6.3369e+08 | M80: 손익계산 | X80: 80 | Y80: =Y79*X80/X79 -> 0
A81: 3Y선물 | B81: =B71 -> 103.39 | C81: 105.79 | D81: =_xll.IMDP("FUT","165TC000","국채수익률") | E81: -82 | F81: =(C81-B81)*E81*1000000 -> -1.968e+08 | M81: 평가일(T+1) : | N81: =TODAY()+1 -> 46246 | X81: 70 | Y81: =Y80*X81/X80 -> 0
A82: 조달 | C82: 986857.53 | E82: =E80/100 -> 1 | F82: =-C82*D39*E82 -> -2960572.6 | M82: 선물만기일 : | N82: =$O$66 -> 46280 | X82: 60 | Y82: =Y81*X82/X81 -> 0
A83: 소계 | F83: =SUM(F80:F82) -> 4.3392943e+08 | X83: 50 | Y83: =Y82*X83/X82 -> 0
M84: 단기금리 | N84: 만기 | O84: 금리 | P84: sp | X84: 40 | Y84: =Y83*X84/X83 -> 0
A85: 30년 차익거래 | C85: 조달일수 | D85: 1 | M85: O/N (Call) | N85: =1/365 -> 0.002739726 | O85: 0.02896 | X85: 30 | Y85: =Y84*X85/X84 -> 0
A86: 구분 | B86: 전일종가(통합) | C86: 현재가격 | D86: 수익률 | E86: 수량 | F86: 손익 | G86: 고/저평 | M86: 3M (CD91) | N86: =91/365 -> 0.24931507 | O86: 0.0293 | X86: 20 | Y86: =Y85*X86/X85 -> 0
A87: 국고23-02(53.03.10) | B87: 9675.64 | C87: =ROUNDDOWN([1]채권단가계산표!N18,0)-0.5 -> 8900.5 | D87: 3.39 | E87: 100 | F87: =(C87-B87)*E87*10000 -> -7.7514e+08 | G87: =_xll.IMDP("FUT","170V3000","저평가")*100 -> #VALUE! | M87: 1Y (통안1Y) | N87: 1 | O87: 0.03248 | X87: 10 | Y87: =Y86*X87/X86 -> 0
A88: 30Y선물 | B88: 129.56 | C88: =_xll.IMDP("FUT","170V6000","선물호가_현재가") | D88: =_xll.IMDP("FUT","165V3000","국채수익률") | E88: -79.7 | F88: =(C88-B88)*E88*1000000 -> #VALUE! | M88: 선물만기금리 | N88: =(N82-N81)/365 -> 0.093150685 | O88: =((N88-N85)/(N86-N85))*(O86-O85)+O85 -> 0.029084667 | P88: 콜금리(4412, 2714) / CD91, 통안1Y(4511) | S88: =O88/365*100000000 -> 7968.4018
A89: 조달 | C89: =$O$5 -> 847030.14 | E89: =E87/100 -> 1 | F89: =-C89*D85*E89 -> -847030.14
A90: 소계 | F90: =SUM(F87:F89) -> #VALUE!
M91: Basket 종목 | N91: 발행일 | O91: 만기일 | P91: 표면금리 | Q91: 이자지급주기 | R91: 채권가격 | S91: 매수금액 | T91: 조달비용
A92: 국고23-7(53.09.10) | B92: 10376.14 | C92: =_xll.IMDP("BND","KR103502GD98","장내국채-현재가격") | D92: =_xll.IMDP("BND","KR103502GD98","장내국채-현재수익률") | E92: 100 | F92: =(C92-B92)*E92*10000 -> #VALUE! | M92: 25-04 | N92: 45818 | O92: 46914 | P92: 0.0225 | Q92: 6 | R92: =C46 -> 9799.5 | S92: =R92*E41*2*10000 -> -19599000000 | T92: =S92*$M$5/100/365*$N$88*365 -> -56443208
A93: 30Y선물 | B93: =B88 -> 129.56 | C93: =_xll.IMDP("FUT","170V3000","선물호가_현재가") | D93: =_xll.IMDP("FUT","165V3000","국채수익률") | E93: -80 | F93: =(C93-B93)*E93*1000000 -> #VALUE! | M93: 25-3 | N93: 45726 | O93: 47552 | P93: 0.02625 | Q93: 6 | R93: =C41 -> 9839.5 | S93: =R93*E46*10000 -> -9839500000 | T93: =S93*$M$5/100/365*$N$88*365 -> -28336800
A94: 조달 | C94: =$O$5 -> 847030.14 | E94: =E92/100 -> 1 | F94: =-C94*D85*E94 -> -847030.14 | M94: 24-12 | N94: 45636 | O94: 46731 | P94: 0.02875 | Q94: 6 | R94: =C51 -> 9865 | S94: =R94*E51*2*10000 -> -19730000000 | T94: =S94*$M$5/100/365*$N$88*365 -> -56820476
A95: 소계 | F95: =SUM(F92:F94) -> #VALUE!
M97: 차기이표일 | N97: 차기이표일까지 잔존년 | O97: 해당만기의금리 | P97: 이자비용 | Q97: PV[이자비용] | R97: 선도가격 | S97: 매도금액 | T97: 채권손익 | U97: 쿠폰 | V97: 쿠폰재투자
M98: 46001 | N98: =(M98-$N$81)/365 -> -0.67123288 | O98: =(N98-N86)/(N87-N86)*(O87-O86)+O86 -> 0.025400438 | P98: =IF($N$82>M98,10000*P92/(12/Q92),0) -> 112.5 | Q98: =P98/(1+O98*N98) -> 114.45135 | R98: =(R92-Q98)*(1+$O$88*$N$88) -> 9711.2879 | S98: =R98*E56*2*10000 -> -1.9422576e+10 | T98: =S98-S92 -> 1.7642414e+08 | U98: =P98*E56*2*10000 -> -225000000 | V98: =U98*$M$5/100/365*($N$82-M98) -> -5317231.7
M99: 46091 | N99: =(M99-$N$81)/365 -> -0.42465753 | O99: =(N99-N85)/(N86-N85)*(O86-O85)+O85 -> 0.028370667 | P99: =IF($N$82>M99,10000*P93/(12/Q93),0) -> 131.25 | Q99: =P99/(1+O99*N99) -> 132.85056 | R99: =(R93-Q99)*(1+$O$88*$N$88) -> 9732.9472 | S99: =R99*E46*10000 -> -9.7329472e+09 | T99: =S99-S93 -> 1.0655276e+08 | U99: =P99*E46*10000 -> -131250000 | V99: =U99*$M$5/100/365*($N$82-M99) -> -2101164.1
M100: 46001 | N100: =(M100-$N$81)/365 -> -0.67123288 | O100: =(N100-N86)/(N87-N86)*(O87-O86)+O86 -> 0.025400438 | P100: =IF($N$82>M100,10000*P94/(12/Q94),0) -> 143.75 | Q100: =P100/(1+O100*N100) -> 146.24339 | R100: =(R94-Q100)*(1+$O$88*$N$88) -> 9745.0872 | S100: =R100*E51*2*10000 -> -1.9490174e+10 | T100: =S100-S94 -> 2.3982557e+08 | U100: =P100*E51*2*10000 -> -287500000 | V100: =U100*$M$5/100/365*($N$82-M100) -> -6794240.5
M102: 최종손익Simaulation
...

Sheet 채권단가계산표
D2: 채권 단가계산
B4: 1 | D4: 종목 입력 | E4: 표준코드 | F4: KR103503GG60 | H4: KR103501GFC3 | J4: KR103501GEC6 | L4: KR103502GFC1 | N4: KR103502GF62 | P4: KR103501GF63 | R4: KR103503GG37 | T4: KR103502GE63 | V4: KR103503GG60 | X4: KR103503GF95
B5: 3사평균 | C5: 민평3사 수익률(산출일) | E5: 종목명 | F5: =_xll.IMDP("BND",F$4,"한글종목명") -> 국고04250-3606(26-6) | H5: =_xll.IMDP("BND",H$4,"한글종목명") -> 국고02750-2812(25-10) | J5: =_xll.IMDP("BND",J$4,"한글종목명") -> 국고02875-2712(24-12) | L5: =_xll.IMDP("BND",L$4,"한글종목명") -> 국고03250-3512(25-11) | N5: =_xll.IMDP("BND",N$4,"한글종목명") -> 국고02625-3506(25-5) | P5: =_xll.IMDP("BND",P$4,"한글종목명") -> 국고02250-2806(25-4) | R5: =_xll.IMDP("BND",R$4,"한글종목명") -> 국고03375-3103(26-3) | T5: =_xll.IMDP("BND",T$4,"한글종목명") -> 국고03500-3406(24-5) | V5: =_xll.IMDP("BND",V$4,"한글종목명") -> 국고04250-3606(26-6) | X5: =_xll.IMDP("BND",X$4,"한글종목명") -> 국고02500-3009(25-8)
B6: 4사평균 | C6: 민평4사 수익률(산출일) | D6: 발행 정보 | E6: 발행일 | F6: =_xll.IMDP("BND",F$4,"발행일") -> 20260610 | H6: =_xll.IMDP("BND",H$4,"발행일") -> 20251210 | J6: =_xll.IMDP("BND",J$4,"발행일") -> 20241210 | L6: =_xll.IMDP("BND",L$4,"발행일") -> 20251210 | N6: =_xll.IMDP("BND",N$4,"발행일") -> 20250610 | P6: =_xll.IMDP("BND",P$4,"발행일") -> 20250610 | R6: =_xll.IMDP("BND",R$4,"발행일") -> 20260310 | T6: =_xll.IMDP("BND",T$4,"발행일") -> 20240610 | V6: =_xll.IMDP("BND",V$4,"발행일") -> 20260610 | X6: =_xll.IMDP("BND",X$4,"발행일") -> 20250910
B7: KAP | C7: KBP 수익률(산출일) | E7: 만기일 | F7: =_xll.IMDP("BND",F$4,"만기일") -> 20360610 | H7: =_xll.IMDP("BND",H$4,"만기일") -> 20281210 | J7: =_xll.IMDP("BND",J$4,"만기일") -> 20271210 | L7: =_xll.IMDP("BND",L$4,"만기일") -> 20351210 | N7: =_xll.IMDP("BND",N$4,"만기일") -> 20350610 | P7: =_xll.IMDP("BND",P$4,"만기일") -> 20280610 | R7: =_xll.IMDP("BND",R$4,"만기일") -> 20310310 | T7: =_xll.IMDP("BND",T$4,"만기일") -> 20340610 | V7: =_xll.IMDP("BND",V$4,"만기일") -> 20360610 | X7: =_xll.IMDP("BND",X$4,"만기일") -> 20300910
B8: KIS | C8: KIS 수익률(산출일) | E8: 발행만기 | F8: =ROUNDDOWN((DATE(LEFT(F7,4),MID(F7,5,2),RIGHT(F7,2))-DATE(LEFT(F6,4),MID(F6,5,2),RIGHT(F6,2)))/365,0)&"Y" -> 10Y | H8: =ROUNDDOWN((DATE(LEFT(H7,4),MID(H7,5,2),RIGHT(H7,2))-DATE(LEFT(H6,4),MID(H6,5,2),RIGHT(H6,2)))/365,0)&"Y" -> 3Y | J8: =ROUNDDOWN((DATE(LEFT(J7,4),MID(J7,5,2),RIGHT(J7,2))-DATE(LEFT(J6,4),MID(J6,5,2),RIGHT(J6,2)))/365,0)&"Y" -> 3Y | L8: =ROUNDDOWN((DATE(LEFT(L7,4),MID(L7,5,2),RIGHT(L7,2))-DATE(LEFT(L6,4),MID(L6,5,2),RIGHT(L6,2)))/365,0)&"Y" -> 10Y | N8: =ROUNDDOWN((DATE(LEFT(N7,4),MID(N7,5,2),RIGHT(N7,2))-DATE(LEFT(N6,4),MID(N6,5,2),RIGHT(N6,2)))/365,0)&"Y" -> 10Y | P8: =ROUNDDOWN((DATE(LEFT(P7,4),MID(P7,5,2),RIGHT(P7,2))-DATE(LEFT(P6,4),MID(P6,5,2),RIGHT(P6,2)))/365,0)&"Y" -> 3Y | R8: =ROUNDDOWN((DATE(LEFT(R7,4),MID(R7,5,2),RIGHT(R7,2))-DATE(LEFT(R6,4),MID(R6,5,2),RIGHT(R6,2)))/365,0)&"Y" -> 5Y | T8: =ROUNDDOWN((DATE(LEFT(T7,4),MID(T7,5,2),RIGHT(T7,2))-DATE(LEFT(T6,4),MID(T6,5,2),RIGHT(T6,2)))/365,0)&"Y" -> 10Y | V8: =ROUNDDOWN((DATE(LEFT(V7,4),MID(V7,5,2),RIGHT(V7,2))-DATE(LEFT(V6,4),MID(V6,5,2),RIGHT(V6,2)))/365,0)&"Y" -> 10Y | X8: =ROUNDDOWN((DATE(LEFT(X7,4),MID(X7,5,2),RIGHT(X7,2))-DATE(LEFT(X6,4),MID(X6,5,2),RIGHT(X6,2)))/365,0)&"Y" -> 5Y
B9: NICE | C9: NIC 수익률(산출일) | E9: 잔존일 | F9: =DATE(LEFT(F7,4),MID(F7,5,2),RIGHT(F7,2))-TODAY() -> 3591 | H9: =DATE(LEFT(H7,4),MID(H7,5,2),RIGHT(H7,2))-TODAY() -> 852 | J9: =DATE(LEFT(J7,4),MID(J7,5,2),RIGHT(J7,2))-TODAY() -> 486 | L9: =DATE(LEFT(L7,4),MID(L7,5,2),RIGHT(L7,2))-TODAY() -> 3408 | N9: =DATE(LEFT(N7,4),MID(N7,5,2),RIGHT(N7,2))-TODAY() -> 3225 | P9: =DATE(LEFT(P7,4),MID(P7,5,2),RIGHT(P7,2))-TODAY() -> 669 | R9: =DATE(LEFT(R7,4),MID(R7,5,2),RIGHT(R7,2))-TODAY() -> 1672 | T9: =DATE(LEFT(T7,4),MID(T7,5,2),RIGHT(T7,2))-TODAY() -> 2860 | V9: =DATE(LEFT(V7,4),MID(V7,5,2),RIGHT(V7,2))-TODAY() -> 3591 | X9: =DATE(LEFT(X7,4),MID(X7,5,2),RIGHT(X7,2))-TODAY() -> 1491
B10: FN | C10: FNP 수익률(산출일) | E10: 이자종류 | F10: =_xll.IMDP("BND",F$4,"이자종류") -> 이표채 | H10: =_xll.IMDP("BND",H$4,"이자종류") -> 이표채 | J10: =_xll.IMDP("BND",J$4,"이자종류") -> 이표채 | L10: =_xll.IMDP("BND",L$4,"이자종류") -> 이표채 | N10: =_xll.IMDP("BND",N$4,"이자종류") -> 이표채 | P10: =_xll.IMDP("BND",P$4,"이자종류") -> 이표채 | R10: =_xll.IMDP("BND",R$4,"이자종류") -> 이표채 | T10: =_xll.IMDP("BND",T$4,"이자종류") -> 이표채 | V10: =_xll.IMDP("BND",V$4,"이자종류") -> 이표채 | X10: =_xll.IMDP("BND",X$4,"이자종류") -> 이표채
E11: 표면이율(%) | F11: =_xll.IMDP("BND",F$4,"표면이율") -> 4.25 | H11: =_xll.IMDP("BND",H$4,"표면이율") -> 2.75 | J11: =_xll.IMDP("BND",J$4,"표면이율") -> 2.875 | L11: =_xll.IMDP("BND",L$4,"표면이율") -> 3.25 | N11: =_xll.IMDP("BND",N$4,"표면이율") -> 2.625 | P11: =_xll.IMDP("BND",P$4,"표면이율") -> 2.25 | R11: =_xll.IMDP("BND",R$4,"표면이율") -> 3.375 | T11: =_xll.IMDP("BND",T$4,"표면이율") -> 3.5 | V11: =_xll.IMDP("BND",V$4,"표면이율") -> 4.25 | X11: =_xll.IMDP("BND",X$4,"표면이율") -> 2.5
E12: 차기이자지급일 | F12: =F35 -> 46366 | H12: =H35 -> 46366 | J12: =J35 -> 46366 | L12: =L35 -> 46366 | N12: =N35 -> 46366 | P12: =P35 -> 46366 | R12: =R35 -> 46275 | T12: =T35 -> 46366 | V12: =V35 -> 46366 | X12: =X35 -> 46275
E13: 이자지급기간 | F13: =_xll.IMDP("BND",F$4,"이자지급기간") -> 06M | H13: =_xll.IMDP("BND",H$4,"이자지급기간") -> 06M | J13: =_xll.IMDP("BND",J$4,"이자지급기간") -> 06M | L13: =_xll.IMDP("BND",L$4,"이자지급기간") -> 06M | N13: =_xll.IMDP("BND",N$4,"이자지급기간") -> 06M | P13: =_xll.IMDP("BND",P$4,"이자지급기간") -> 06M | R13: =_xll.IMDP("BND",R$4,"이자지급기간") -> 06M | T13: =_xll.IMDP("BND",T$4,"이자지급기간") -> 06M | V13: =_xll.IMDP("BND",V$4,"이자지급기간") -> 06M | X13: =_xll.IMDP("BND",X$4,"이자지급기간") -> 06M
E14: 시가평가 | F14: =_xll.IMDP("BND",F$4,INDEX($B$5:$C$10,$B$4,2)) -> 4.235 | H14: =_xll.IMDP("BND",H$4,INDEX($B$5:$C$10,$B$4,2)) -> 3.69 | J14: =_xll.IMDP("BND",J$4,INDEX($B$5:$C$10,$B$4,2)) -> 3.5 | L14: =_xll.IMDP("BND",L$4,INDEX($B$5:$C$10,$B$4,2)) -> 4.226 | N14: =_xll.IMDP("BND",N$4,INDEX($B$5:$C$10,$B$4,2)) -> 4.204 | P14: =_xll.IMDP("BND",P$4,INDEX($B$5:$C$10,$B$4,2)) -> 3.606 | R14: =_xll.IMDP("BND",R$4,INDEX($B$5:$C$10,$B$4,2)) -> 3.987 | T14: =_xll.IMDP("BND",T$4,INDEX($B$5:$C$10,$B$4,2)) -> 4.183 | V14: =_xll.IMDP("BND",V$4,INDEX($B$5:$C$10,$B$4,2)) -> 4.235 | X14: =_xll.IMDP("BND",X$4,INDEX($B$5:$C$10,$B$4,2)) -> 3.95 | Z14: 결제일세팅
D15: 결제 정보 | E15: 결제일 | F15: =$Z$15 -> 46246 | H15: =$Z$15 -> 46246 | J15: =$Z$15 -> 46246 | L15: =$Z$15 -> 46246 | N15: =$Z$15 -> 46246 | P15: =$Z$15 -> 46246 | R15: =$Z$15 -> 46246 | T15: =$Z$15 -> 46246 | V15: =$Z$15 -> 46246 | X15: =$Z$15 -> 46246 | Z15: =WORKDAY(TODAY(),1) -> 46246
C16: =INDEX($C$18:$C$26,$C$17,1) -> 세전수익률 | F16: =[1]트레이딩!P36 -> 0 | H16: =[1]트레이딩!D41 -> 3.68 | J16: =[1]트레이딩!D51 -> 3.991 | L16: =[1]트레이딩!D25 -> 4.207 | N16: =[1]트레이딩!D19 -> 4.185 | P16: =[1]트레이딩!D46 -> 3.6 | R16: =[1]트레이딩!D51 -> 3.991 | T16: =[1]트레이딩!D25 -> 4.207 | V16: =[1]트레이딩!D32 -> 4.224 | X16: =[1]트레이딩!D56 -> 3.927
C17: 1 | D17: 계산값 | E17: 세전수익률 | F17: =_xll.IMBC(F$4,$E17,F$15,F$16,$C$16) -> 0 | H17: =_xll.IMBC(H$4,$E17,H$15,H$16,$C$16) -> 3.68 | J17: =_xll.IMBC(J$4,$E17,J$15,J$16,$C$16) -> 3.991 | L17: =_xll.IMBC(L$4,$E17,L$15,L$16,$C$16) -> 4.207 | N17: =_xll.IMBC(N$4,$E17,N$15,N$16,$C$16) -> 4.185 | P17: =_xll.IMBC(P$4,$E17,P$15,P$16,$C$16) -> 3.6 | R17: =_xll.IMBC(R$4,$E17,R$15,R$16,$C$16) -> 3.991 | T17: =_xll.IMBC(T$4,$E17,T$15,T$16,$C$16) -> 4.207 | V17: =_xll.IMBC(V$4,$E17,V$15,V$16,$C$16) -> 4.224 | X17: =_xll.IMBC(X$4,$E17,X$15,X$16,$C$16) -> 3.927
C18: 세전수익률 | E18: 세전단가 | F18: =_xll.IMBC(F$4,$E18,F$15,F$16,$C$16) -> 14250 | H18: =_xll.IMBC(H$4,$E18,H$15,H$16,$C$16) -> 9841.01 | J18: =_xll.IMBC(J$4,$E18,J$15,J$16,$C$16) -> 9905.78 | L18: =_xll.IMBC(L$4,$E18,L$15,L$16,$C$16) -> 9323.02 | N18: =_xll.IMBC(N$4,$E18,N$15,N$16,$C$16) -> 8902.89 | P18: =_xll.IMBC(P$4,$E18,P$15,P$16,$C$16) -> 9801.38 | R18: =_xll.IMBC(R$4,$E18,R$15,R$16,$C$16) -> 9886.2 | T18: =_xll.IMBC(T$4,$E18,T$15,T$16,$C$16) -> 9591.96 | V18: =_xll.IMBC(V$4,$E18,V$15,V$16,$C$16) -> 10092.89 | X18: =_xll.IMBC(X$4,$E18,X$15,X$16,$C$16) -> 9571.88 | AA18: 10510 | AB18: 10510
C19: 세전단가 | E19: 세후단가 | F19: =_xll.IMBC(F$4,$E19,F$15,F$16,$C$16) -> 14239.8 | H19: =_xll.IMBC(H$4,$E19,H$15,H$16,$C$16) -> 9834.4 | J19: =_xll.IMBC(J$4,$E19,J$15,J$16,$C$16) -> 9898.8 | L19: =_xll.IMBC(L$4,$E19,L$15,L$16,$C$16) -> 9315.2 | N19: =_xll.IMBC(N$4,$E19,N$15,N$16,$C$16) -> 8896.5 | P19: =_xll.IMBC(P$4,$E19,P$15,P$16,$C$16) -> 9795.9 | R19: =_xll.IMBC(R$4,$E19,R$15,R$16,$C$16) -> 9866.4 | T19: =_xll.IMBC(T$4,$E19,T$15,T$16,$C$16) -> 9583.5 | V19: =_xll.IMBC(V$4,$E19,V$15,V$16,$C$16) -> 10082.6 | X19: =_xll.IMBC(X$4,$E19,X$15,X$16,$C$16) -> 9557.1 | AA19: 10510 | AB19: 10510
C20: 세후단가 | E20: 경과이자 | F20: =_xll.IMBC(F$4,$E20,F$15,F$16,$C$16) -> 73.1557 | H20: =_xll.IMBC(H$4,$E20,H$15,H$16,$C$16) -> 47.336 | J20: =_xll.IMBC(J$4,$E20,J$15,J$16,$C$16) -> 49.4877 | L20: =_xll.IMBC(L$4,$E20,L$15,L$16,$C$16) -> 55.9426 | N20: =_xll.IMBC(N$4,$E20,N$15,N$16,$C$16) -> 45.1844 | P20: =_xll.IMBC(P$4,$E20,P$15,P$16,$C$16) -> 38.7295 | R20: =_xll.IMBC(R$4,$E20,R$15,R$16,$C$16) -> 142.1535 | T20: =_xll.IMBC(T$4,$E20,T$15,T$16,$C$16) -> 60.2459 | V20: =_xll.IMBC(V$4,$E20,V$15,V$16,$C$16) -> 73.1557 | X20: =_xll.IMBC(X$4,$E20,X$15,X$16,$C$16) -> 105.2989 | AA20: 505 | AB20: 10005
C21: 3사평균 | E21: 경과세금 | F21: =_xll.IMBC(F$4,$E21,F$15,F$16,$C$16) -> 10.2 | H21: =_xll.IMBC(H$4,$E21,H$15,H$16,$C$16) -> 6.6 | J21: =_xll.IMBC(J$4,$E21,J$15,J$16,$C$16) -> 6.9 | L21: =_xll.IMBC(L$4,$E21,L$15,L$16,$C$16) -> 7.8 | N21: =_xll.IMBC(N$4,$E21,N$15,N$16,$C$16) -> 6.3 | P21: =_xll.IMBC(P$4,$E21,P$15,P$16,$C$16) -> 5.4 | R21: =_xll.IMBC(R$4,$E21,R$15,R$16,$C$16) -> 19.8 | T21: =_xll.IMBC(T$4,$E21,T$15,T$16,$C$16) -> 8.4 | V21: =_xll.IMBC(V$4,$E21,V$15,V$16,$C$16) -> 10.2 | X21: =_xll.IMBC(X$4,$E21,X$15,X$16,$C$16) -> 14.7
C22: 4사평균 | E22: Cleanprice | F22: =_xll.IMBC(F$4,$E22,F$15,F$16,$C$16) -> 14176.844 | H22: =_xll.IMBC(H$4,$E22,H$15,H$16,$C$16) -> 9793.6774 | J22: =_xll.IMBC(J$4,$E22,J$15,J$16,$C$16) -> 9856.2964 | L22: =_xll.IMBC(L$4,$E22,L$15,L$16,$C$16) -> 9267.0775 | N22: =_xll.IMBC(N$4,$E22,N$15,N$16,$C$16) -> 8857.7111 | P22: =_xll.IMBC(P$4,$E22,P$15,P$16,$C$16) -> 9762.659 | R22: =_xll.IMBC(R$4,$E22,R$15,R$16,$C$16) -> 9744.0526 | T22: =_xll.IMBC(T$4,$E22,T$15,T$16,$C$16) -> 9531.7237 | V22: =_xll.IMBC(V$4,$E22,V$15,V$16,$C$16) -> 10019.739 | X22: =_xll.IMBC(X$4,$E22,X$15,X$16,$C$16) -> 9466.5832
C23: BP-3사 | E23: 금액Duration | F23: =_xll.IMBC(F$4,$E23,F$15,F$16,$C$16) -> 119859.6 | H23: =_xll.IMBC(H$4,$E23,H$15,H$16,$C$16) -> 21839.169 | J23: =_xll.IMBC(J$4,$E23,J$15,J$16,$C$16) -> 12689.304 | L23: =_xll.IMBC(L$4,$E23,L$15,L$16,$C$16) -> 73195.03 | N23: =_xll.IMBC(N$4,$E23,N$15,N$16,$C$16) -> 68264.69 | P23: =_xll.IMBC(P$4,$E23,P$15,P$16,$C$16) -> 17274.932 | R23: =_xll.IMBC(R$4,$E23,R$15,R$16,$C$16) -> 40857.687 | T23: =_xll.IMBC(T$4,$E23,T$15,T$16,$C$16) -> 64307.377 | V23: =_xll.IMBC(V$4,$E23,V$15,V$16,$C$16) -> 79861.001 | X23: =_xll.IMBC(X$4,$E23,X$15,X$16,$C$16) -> 36186.492
C24: BP-4사 | E24: MacDuration | F24: =_xll.IMBC(F$4,$E24,F$15,F$16,$C$16) -> 8.4112 | H24: =_xll.IMBC(H$4,$E24,H$15,H$16,$C$16) -> 2.3009 | J24: =_xll.IMBC(J$4,$E24,J$15,J$16,$C$16) -> 1.3065 | L24: =_xll.IMBC(L$4,$E24,L$15,L$16,$C$16) -> 8.1813 | N24: =_xll.IMBC(N$4,$E24,N$15,N$16,$C$16) -> 7.9886 | P24: =_xll.IMBC(P$4,$E24,P$15,P$16,$C$16) -> 1.7942 | R24: =_xll.IMBC(R$4,$E24,R$15,R$16,$C$16) -> 4.2977 | T24: =_xll.IMBC(T$4,$E24,T$15,T$16,$C$16) -> 6.9863 | V24: =_xll.IMBC(V$4,$E24,V$15,V$16,$C$16) -> 8.2468 | X24: =_xll.IMBC(X$4,$E24,X$15,X$16,$C$16) -> 3.9289
C25: 원-3사 | E25: ModDuration | F25: =_xll.IMBC(F$4,$E25,F$15,F$16,$C$16) -> 8.4112 | H25: =_xll.IMBC(H$4,$E25,H$15,H$16,$C$16) -> 2.2192 | J25: =_xll.IMBC(J$4,$E25,J$15,J$16,$C$16) -> 1.281 | L25: =_xll.IMBC(L$4,$E25,L$15,L$16,$C$16) -> 7.851 | N25: =_xll.IMBC(N$4,$E25,N$15,N$16,$C$16) -> 7.6677 | P25: =_xll.IMBC(P$4,$E25,P$15,P$16,$C$16) -> 1.7625 | R25: =_xll.IMBC(R$4,$E25,R$15,R$16,$C$16) -> 4.1328 | T25: =_xll.IMBC(T$4,$E25,T$15,T$16,$C$16) -> 6.7043 | V25: =_xll.IMBC(V$4,$E25,V$15,V$16,$C$16) -> 7.9126 | X25: =_xll.IMBC(X$4,$E25,X$15,X$16,$C$16) -> 3.7805
C26: 원-4사 | E26: 금액Convexity | F26: =_xll.IMBC(F$4,$E26,F$15,F$16,$C$16) -> 1170713 | H26: =_xll.IMBC(H$4,$E26,H$15,H$16,$C$16) -> 60116.762 | J26: =_xll.IMBC(J$4,$E26,J$15,J$16,$C$16) -> 22639.66 | L26: =_xll.IMBC(L$4,$E26,L$15,L$16,$C$16) -> 669698.63 | N26: =_xll.IMBC(N$4,$E26,N$15,N$16,$C$16) -> 599595.4 | P26: =_xll.IMBC(P$4,$E26,P$15,P$16,$C$16) -> 39293.732 | R26: =_xll.IMBC(R$4,$E26,R$15,R$16,$C$16) -> 198733.38 | T26: =_xll.IMBC(T$4,$E26,T$15,T$16,$C$16) -> 501665.26 | V26: =_xll.IMBC(V$4,$E26,V$15,V$16,$C$16) -> 755026.9 | X26: =_xll.IMBC(X$4,$E26,X$15,X$16,$C$16) -> 160006.42
E27: Convexity | F27: =_xll.IMBC(F$4,$E27,F$15,F$16,$C$16) -> 82.1553 | H27: =_xll.IMBC(H$4,$E27,H$15,H$16,$C$16) -> 6.1088 | J27: =_xll.IMBC(J$4,$E27,J$15,J$16,$C$16) -> 2.2855 | L27: =_xll.IMBC(L$4,$E27,L$15,L$16,$C$16) -> 71.8328 | N27: =_xll.IMBC(N$4,$E27,N$15,N$16,$C$16) -> 67.3484 | P27: =_xll.IMBC(P$4,$E27,P$15,P$16,$C$16) -> 4.009 | R27: =_xll.IMBC(R$4,$E27,R$15,R$16,$C$16) -> 20.1021 | T27: =_xll.IMBC(T$4,$E27,T$15,T$16,$C$16) -> 52.3006 | V27: =_xll.IMBC(V$4,$E27,V$15,V$16,$C$16) -> 74.8078 | X27: =_xll.IMBC(X$4,$E27,X$15,X$16,$C$16) -> 16.7163
E28: 잔존일수 | F28: =_xll.IMBC(F$4,$E28,F$15,F$16,$C$16) -> 3590 | H28: =_xll.IMBC(H$4,$E28,H$15,H$16,$C$16) -> 851 | J28: =_xll.IMBC(J$4,$E28,J$15,J$16,$C$16) -> 485 | L28: =_xll.IMBC(L$4,$E28,L$15,L$16,$C$16) -> 3407 | N28: =_xll.IMBC(N$4,$E28,N$15,N$16,$C$16) -> 3224 | P28: =_xll.IMBC(P$4,$E28,P$15,P$16,$C$16) -> 668 | R28: =_xll.IMBC(R$4,$E28,R$15,R$16,$C$16) -> 1671 | T28: =_xll.IMBC(T$4,$E28,T$15,T$16,$C$16) -> 2859 | V28: =_xll.IMBC(V$4,$E28,V$15,V$16,$C$16) -> 3590 | X28: =_xll.IMBC(X$4,$E28,X$15,X$16,$C$16) -> 1490
E29: bpv | F29: =_xll.IMBC(F$4,$E29,F$15,F$16,$C$16) -> 11.986 | H29: =_xll.IMBC(H$4,$E29,H$15,H$16,$C$16) -> 2.184 | J29: =_xll.IMBC(J$4,$E29,J$15,J$16,$C$16) -> 1.2689 | L29: =_xll.IMBC(L$4,$E29,L$15,L$16,$C$16) -> 7.3195 | N29: =_xll.IMBC(N$4,$E29,N$15,N$16,$C$16) -> 6.8265 | P29: =_xll.IMBC(P$4,$E29,P$15,P$16,$C$16) -> 1.7275 | R29: =_xll.IMBC(R$4,$E29,R$15,R$16,$C$16) -> 4.0858 | T29: =_xll.IMBC(T$4,$E29,T$15,T$16,$C$16) -> 6.4307 | V29: =_xll.IMBC(V$4,$E29,V$15,V$16,$C$16) -> 7.9861 | X29: =_xll.IMBC(X$4,$E29,X$15,X$16,$C$16) -> 3.6186
D31: 종목 현금흐름
D33: 현금흐름 | F33: =_xll.IMDT("채권현금흐름",$F$4,$F$34:$G$34,100,F$15,F$16,"","sort=A,DtFmt=1,Pos=20,Orient=V,Title="&F$5&"") -> 국고04250-3606(26-6) | H33: =_xll.IMDT("채권현금흐름",$H$4,$H$34:$I$34,100,H$15,H$16,"","sort=A,DtFmt=1,Pos=20,Orient=V,Title="&H$5&"") -> 국고02750-2812(25-10) | J33: =_xll.IMDT("채권현금흐름",J$4,$J$34:$K$34,100,J$15,J$16,"","sort=A,DtFmt=1,Pos=20,Orient=V,Title="&J$5&"") -> 국고02875-2712(24-12) | L33: =_xll.IMDT("채권현금흐름",L$4,$L$34:$M$34,100,L$15,L$16,"","sort=A,DtFmt=1,Pos=20,Orient=V,Title="&L$5&"") -> 국고03250-3512(25-11) | N33: =_xll.IMDT("채권현금흐름",N$4,$N$34:$O$34,100,N$15,N$16,"","sort=A,DtFmt=1,Pos=20,Orient=V,Title="&N$5&"") -> 국고02625-3506(25-5) | P33: =_xll.IMDT("채권현금흐름",P$4,$P$34:$Q$34,100,P$15,P$16,"","sort=A,DtFmt=1,Pos=20,Orient=V,Title="&P$5&"") -> 국고02250-2806(25-4) | R33: =_xll.IMDT("채권현금흐름",R$4,$R$34:$S$34,100,R$15,R$16,"","sort=A,DtFmt=1,Pos=20,Orient=V,Title="&R$5&"") -> 국고03375-3103(26-3) | T33: =_xll.IMDT("채권현금흐름",T$4,$T$34:$U$34,100,T$15,T$16,"","sort=A,DtFmt=1,Pos=20,Orient=V,Title="&T$5&"") -> 국고03500-3406(24-5) | V33: =_xll.IMDT("채권현금흐름",V$4,$T$34:$U$34,100,V$15,V$16,"","sort=A,DtFmt=1,Pos=20,Orient=V,Title="&V$5&"") -> 국고04250-3606(26-6) | X33: =_xll.IMDT("채권현금흐름",X$4,$T$34:$U$34,100,X$15,X$16,"","sort=A,DtFmt=1,Pos=20,Orient=V,Title="&X$5&"") -> 국고02500-3009(25-8)
B34: 이자 | C34: 3 | F34: 일자 | G34: =INDEX($B$34:$B$42,$C$34,1) -> 현금흐름 | H34: 일자 | I34: =INDEX($B$34:$B$42,$C$35,1) -> 현금흐름 | J34: 일자 | K34: =INDEX($B$34:$B$42,$C$36,1) -> 현금흐름 | L34: 일자 | M34: =INDEX($B$34:$B$42,$C$37,1) -> 현금흐름 | N34: 일자 | O34: =INDEX($B$34:$B$42,$C$38,1) -> 현금흐름 | P34: 일자 | Q34: =INDEX($B$34:$B$42,$C$39,1) -> 현금흐름 | R34: 일자 | S34: =INDEX($B$34:$B$42,$C$40,1) -> 현금흐름 | T34: 일자 | U34: =INDEX($B$34:$B$42,$C$41,1) -> 현금흐름 | V34: 일자 | W34: =INDEX($B$34:$B$42,$C$41,1) -> 현금흐름 | X34: 일자 | Y34: =INDEX($B$34:$B$42,$C$41,1) -> 현금흐름
B35: 원금 | C35: 3 | F35: 46366 | G35: 212.5 | H35: 46366 | I35: 137.5 | J35: 46366 | K35: 143.75 | L35: 46366 | M35: 162.5 | N35: 46366 | O35: 131.25 | P35: 46366 | Q35: 112.5 | R35: 46275 | S35: 168.75 | T35: 46366 | U35: 175 | V35: 46366 | W35: 212.5 | X35: 46275 | Y35: 125
B36: 현금흐름 | C36: 3 | F36: 46548 | G36: 212.5 | H36: 46548 | I36: 137.5 | J36: 46548 | K36: 143.75 | L36: 46548 | M36: 162.5 | N36: 46548 | O36: 131.25 | P36: 46548 | Q36: 112.5 | R36: 46456 | S36: 168.75 | T36: 46548 | U36: 175 | V36: 46548 | W36: 212.5 | X36: 46456 | Y36: 125
B37: YTM | C37: 3 | F37: 46731 | G37: 212.5 | H37: 46731 | I37: 137.5 | J37: 46731 | K37: 10143.75 | L37: 46731 | M37: 162.5 | N37: 46731 | O37: 131.25 | P37: 46731 | Q37: 112.5 | R37: 46640 | S37: 168.75 | T37: 46731 | U37: 175 | V37: 46731 | W37: 212.5 | X37: 46640 | Y37: 125
B38: 만기수익률할인계수 | C38: 3 | F38: 46914 | G38: 212.5 | H38: 46914 | I38: 137.5 | L38: 46914 | M38: 162.5 | N38: 46914 | O38: 131.25 | P38: 46914 | Q38: 10112.5 | R38: 46822 | S38: 168.75 | T38: 46914 | U38: 175 | V38: 46914 | W38: 212.5 | X38: 46822 | Y38: 125
B39: 만기수익률현재가치 | C39: 3 | F39: 47097 | G39: 212.5 | H39: 47097 | I39: 10137.5 | L39: 47097 | M39: 162.5 | N39: 47097 | O39: 131.25 | R39: 47006 | S39: 168.75 | T39: 47097 | U39: 175 | V39: 47097 | W39: 212.5 | X39: 47006 | Y39: 125
B40: SPOT수익률 | C40: 3 | F40: 47279 | G40: 212.5 | L40: 47279 | M40: 162.5 | N40: 47279 | O40: 131.25 | R40: 47187 | S40: 168.75 | T40: 47279 | U40: 175 | V40: 47279 | W40: 212.5 | X40: 47187 | Y40: 125
B41: SPOT할인계수 | C41: 3 | F41: 47462 | G41: 212.5 | L41: 47462 | M41: 162.5 | N41: 47462 | O41: 131.25 | R41: 47371 | S41: 168.75 | T41: 47462 | U41: 175 | V41: 47462 | W41: 212.5 | X41: 47371 | Y41: 125
B42: 이론현재가치 | F42: 47644 | G42: 212.5 | L42: 47644 | M42: 162.5 | N42: 47644 | O42: 131.25 | R42: 47552 | S42: 168.75 | T42: 47644 | U42: 175 | V42: 47644 | W42: 212.5 | X42: 47552 | Y42: 125
F43: 47827 | G43: 212.5 | L43: 47827 | M43: 162.5 | N43: 47827 | O43: 131.25 | R43: 47736 | S43: 168.75 | T43: 47827 | U43: 175 | V43: 47827 | W43: 212.5 | X43: 47736 | Y43: 10125
F44: 48009 | G44: 212.5 | L44: 48009 | M44: 162.5 | N44: 48009 | O44: 131.25 | R44: 47917 | S44: 10168.75 | T44: 48009 | U44: 175 | V44: 48009 | W44: 212.5
F45: 48192 | G45: 212.5 | L45: 48192 | M45: 162.5 | N45: 48192 | O45: 131.25 | T45: 48192 | U45: 175 | V45: 48192 | W45: 212.5
F46: 48375 | G46: 212.5 | L46: 48375 | M46: 162.5 | N46: 48375 | O46: 131.25 | T46: 48375 | U46: 175 | V46: 48375 | W46: 212.5
F47: 48558 | G47: 212.5 | L47: 48558 | M47: 162.5 | N47: 48558 | O47: 131.25 | T47: 48558 | U47: 175 | V47: 48558 | W47: 212.5
F48: 48740 | G48: 212.5 | L48: 48740 | M48: 162.5 | N48: 48740 | O48: 131.25 | T48: 48740 | U48: 175 | V48: 48740 | W48: 212.5
F49: 48923 | G49: 212.5 | L49: 48923 | M49: 162.5 | N49: 48923 | O49: 131.25 | T49: 48923 | U49: 175 | V49: 48923 | W49: 212.5
F50: 49105 | G50: 212.5 | L50: 49105 | M50: 162.5 | N50: 49105 | O50: 131.25 | T50: 49105 | U50: 10175 | V50: 49105 | W50: 212.5
F51: 49288 | G51: 212.5 | L51: 49288 | M51: 162.5 | N51: 49288 | O51: 131.25 | V51: 49288 | W51: 212.5
F52: 49470 | G52: 212.5 | L52: 49470 | M52: 162.5 | N52: 49470 | O52: 10131.25 | V52: 49470 | W52: 212.5
F53: 49653 | G53: 212.5 | L53: 49653 | M53: 10162.5 | V53: 49653 | W53: 212.5
F54: 49836 | G54: 10212.5 | V54: 49836 | W54: 10212.5
